{
    "name" : "Shape Scribe",
    "shapes": {
        "triangle": [
            [200, 50, 300, 350],
            [300, 350, 100, 350],
            [100, 350, 200, 50]
        ],
        "star": [
            [195, 50, 230, 150],
            [230, 150, 300, 150],
            [300, 150, 240, 200],
            [240, 200, 260, 300],
            [260, 300, 200, 240],
            [200, 240, 140, 300],
            [140, 300, 160, 200],
            [160, 200, 100, 150],
            [100, 150, 170, 150],
            [170, 150, 195, 50]
        ],
        "ladder": [
            [150, 50, 150, 350],
            [250, 50, 250, 350],
            [150, 100, 250, 100],
            [150, 200, 250, 200],
            [150, 300, 250, 300]
        ],
        "house": [
            [150, 300, 150, 150],
            [150, 150, 250, 150],
            [250, 150, 250, 300],
            [150, 300, 250, 300],
            [150, 150, 200, 100],
            [200, 100, 250, 150],
            [185, 300, 185, 250],
            [215, 300, 215, 250],
            [185, 250, 215, 250],
            [170, 200, 190, 200],
            [170, 220, 190, 220],
            [170, 200, 170, 220],
            [190, 200, 190, 220],
            [180, 200, 180, 220],
            [170, 210, 190, 210],
            [160, 140, 160, 110],
            [160, 110, 170, 110],
            [170, 110, 170, 130]
        ]
    }
}
